game_id;season;opponent;date;round;home;score_cus_ht;score_opp_ht;score_cus_ft;score_opp_ft;try_scored;try_conceded;tackle_attempt;tackle_dom;tackle_not_dom;tackle_miss;tackle_cover;penalty_off;pen_dif
CAP01122024;2425;Capitolina;01/12/2024;6;TRUE;;;24;25;4;3;232;15;158;19;17;5;8
PAE08122024;2425;Paese;08/12/2024;7;FALSE;;;26;33;3;5;186;7;117;23;0;3;6
VER17112024;2425;Verona;17/11/2024;5;FALSE;;;30;26;3;4;124;9;69;8;20;2;8
BIE03112024;2425;Biella;03/11/2024;4;FALSE;;;34;34;5;4;55;6;31;4;9;6;4
AVE27102024;2425;Avezzano;27/10/2024;3;FALSE;;;28;25;3;1;124;21;63;10;10;9;8
MIL20102024;2425;Milano;20/10/2024;2;FALSE;;;22;21;3;2;165;5;123;15;4;1;11
PAR13102024;2425;Parabiago;13/10/2024;1;FALSE;;;22;28;1;3;158;7;119;12;5;9;3
PRA22122024;2425;Prato;23/12/2024;8;TRUE;;;22;26;3;2;156;14;62;25;21;6;6
PET19012025;2425;Petrarca;19/01/2025;9;FALSE;;;28;30;3;4;130;4;65;11;13;3;10
